{
  "hash": "c8671491",
  "configHash": "00ab3664",
  "lockfileHash": "1213b33c",
  "browserHash": "c0b1d6da",
  "optimized": {
    "@angular/core": {
      "src": "../../../../../../node_modules/@angular/core/fesm2022/core.mjs",
      "file": "@angular_core.js",
      "fileHash": "01397246",
      "needsInterop": false
    },
    "@angular/platform-browser": {
      "src": "../../../../../../node_modules/@angular/platform-browser/fesm2022/platform-browser.mjs",
      "file": "@angular_platform-browser.js",
      "fileHash": "ca80f673",
      "needsInterop": false
    },
    "@angular/platform-server": {
      "src": "../../../../../../node_modules/@angular/platform-server/fesm2022/platform-server.mjs",
      "file": "@angular_platform-server.js",
      "fileHash": "426865ec",
      "needsInterop": false
    },
    "@angular/router": {
      "src": "../../../../../../node_modules/@angular/router/fesm2022/router.mjs",
      "file": "@angular_router.js",
      "fileHash": "788238d2",
      "needsInterop": false
    },
    "@angular/ssr": {
      "src": "../../../../../../node_modules/@angular/ssr/fesm2022/ssr.mjs",
      "file": "@angular_ssr.js",
      "fileHash": "a3d68690",
      "needsInterop": false
    },
    "@angular/ssr/node": {
      "src": "../../../../../../node_modules/@angular/ssr/fesm2022/node.mjs",
      "file": "@angular_ssr_node.js",
      "fileHash": "88dbb071",
      "needsInterop": false
    },
    "express": {
      "src": "../../../../../../node_modules/express/index.js",
      "file": "express.js",
      "fileHash": "2e9785f3",
      "needsInterop": true
    }
  },
  "chunks": {
    "chunk-MSYPRW6E": {
      "file": "chunk-MSYPRW6E.js"
    },
    "chunk-UJDY46BE": {
      "file": "chunk-UJDY46BE.js"
    },
    "chunk-DT7YRLHB": {
      "file": "chunk-DT7YRLHB.js"
    },
    "chunk-OBK52YPI": {
      "file": "chunk-OBK52YPI.js"
    },
    "chunk-53Z7NWHP": {
      "file": "chunk-53Z7NWHP.js"
    },
    "xhr2-TXIMV6CV": {
      "file": "xhr2-TXIMV6CV.js"
    },
    "chunk-YHCV7DAQ": {
      "file": "chunk-YHCV7DAQ.js"
    }
  }
}