{
  "hash": "fbcc3121",
  "configHash": "b1762eec",
  "lockfileHash": "1213b33c",
  "browserHash": "4a21b9e3",
  "optimized": {
    "@angular/core": {
      "src": "../../../../../../node_modules/@angular/core/fesm2022/core.mjs",
      "file": "@angular_core.js",
      "fileHash": "85f4b73a",
      "needsInterop": false
    },
    "@angular/platform-browser": {
      "src": "../../../../../../node_modules/@angular/platform-browser/fesm2022/platform-browser.mjs",
      "file": "@angular_platform-browser.js",
      "fileHash": "8cc272ff",
      "needsInterop": false
    },
    "@angular/router": {
      "src": "../../../../../../node_modules/@angular/router/fesm2022/router.mjs",
      "file": "@angular_router.js",
      "fileHash": "a49a91bc",
      "needsInterop": false
    }
  },
  "chunks": {
    "chunk-B7FZARPJ": {
      "file": "chunk-B7FZARPJ.js"
    },
    "chunk-NTS2FYPI": {
      "file": "chunk-NTS2FYPI.js"
    }
  }
}